INSERT INTO m_user
(
   id,
   email_address,
   password,
   family_name,
   first_name,
   employee_number,
   is_admin,
   is_deleted,
   register_date_time,
   update_date_time
)
VALUES
(
   '1',
   'osaka@company.co.jp',
   '$2a$10$YgFiI/AIXXj3wm40TquMreQL7PYGqccgV5YTST6bJvM5tXqABfpze',
   '大阪',
   '太郎',
   'E00001',
   '1',
   '0',
   '2025-10-11 00:00:00',
   '2025-10-11 00:00:00'
),

(
   '2',
   'tokyo@company.co.jp',
   '$2a$10$aSuzDDvaISzuIiwQ7G5Hi.YuRVXtInEkI4q2GlY4dr95Qr2MrRW8y',
   '東京',
   '一郎',
   'E00002',
   '0',
   '0',
   '2025-10-11 00:00:00',
   '2025-10-11 00:00:00'
),

(
   '3',
   'aichi@company.co.jp',
   '$2a$10$YgFiI/AIXXj3wm40TquMreQL7PYGqccgV5YTST6bJvM5tXqABfpze',
   '愛知',
   'はなこ',
   'E00003',
   '1',
   '0',
   '2025-10-11 00:00:00',
   '2025-10-11 00:00:00'
),

(
   '4',
   'saitama@company.co.jp',
   '$2a$10$YgFiI/AIXXj3wm40TquMreQL7PYGqccgV5YTST6bJvM5tXqABfpze',
   '埼玉',
   '健一',
   'K00001',
   '1',
   '0',
   '2025-10-11 00:00:00',
   '2025-10-11 00:00:00'
),

(
   '5',
   'chiba@company.co.jp',
   '$2a$10$YgFiI/AIXXj3wm40TquMreQL7PYGqccgV5YTST6bJvM5tXqABfpze',
   '千葉',
   '明子',
   'K00002',
   '0',
   '0',
   '2025-10-11 00:00:00',
   '2025-10-11 00:00:00'
),

(
   '6',
   'kyoto@company.co.jp',
   '$2a$10$YgFiI/AIXXj3wm40TquMreQL7PYGqccgV5YTST6bJvM5tXqABfpze',
   '京都',
   '雅美',
   'E00004',
   '1',
   '0',
   '2025-10-11 00:00:00',
   '2025-10-11 00:00:00'
),

(
   '7',
   'hyogo@company.co.jp',
   '$2a$10$YgFiI/AIXXj3wm40TquMreQL7PYGqccgV5YTST6bJvM5tXqABfpze',
   '兵庫',
   '茂',
   'K00003',
   '1',
   '0',
   '2025-10-11 00:00:00',
   '2025-10-11 00:00:00'
),

(
   '8',
   'ehime@company.co.jp',
   '$2a$10$YgFiI/AIXXj3wm40TquMreQL7PYGqccgV5YTST6bJvM5tXqABfpze',
   '愛媛',
   'あきら',
   'E00005',
   '0',
   '0',
   '2025-10-11 00:00:00',
   '2025-10-11 00:00:00'
),

(
   '9',
   'miyagi@company.co.jp',
   '$2a$10$YgFiI/AIXXj3wm40TquMreQL7PYGqccgV5YTST6bJvM5tXqABfpze',
   '宮城',
   '昇',
   'K00004',
   '1',
   '0',
   '2025-10-11 00:00:00',
   '2025-10-11 00:00:00'
),

(
   '10',
   'niigata@company.co.jp',
   '$2a$10$YgFiI/AIXXj3wm40TquMreQL7PYGqccgV5YTST6bJvM5tXqABfpze',
   '新潟',
   '博司',
   'E00006',
   '0',
   '0',
   '2025-10-11 00:00:00',
   '2025-10-11 00:00:00'
);
INSERT INTO m_supplier
(
   id,
   name,
   furigana,
   is_deleted,
   register_date_time,
   update_date_time
)
VALUES
(
   '1',
   '株式会社オダ製帽所',
   'かぶしきがいしゃおだせいぼうしょ',
   '0',
   '2025-10-11 00:00:00',
   '2025-10-11 00:00:00'
),

(
   '2',
   '株式会社東洋ファッション雑貨',
   'かぶしきがいしゃとうようふぁっしょんざっか',
   '0',
   '2025-10-11 00:00:00',
   '2025-10-11 00:00:00'
),

(
   '3',
   '日ノ出帽子製作所',
   'ひのでぼうしせいさくじょ',
   '0',
   '2025-10-11 00:00:00',
   '2025-10-11 00:00:00'
),

(
   '4',
   'ハットマーク・ジャパン株式会社',
   'はっとまーくじゃぱんかぶしきがいしゃ',
   '0',
   '2025-10-11 00:00:00',
   '2025-10-11 00:00:00'
),

(
   '5',
   '有限会社かどま繊維工業',
   'ゆうげんがいしゃかどませんいこうぎょう',
   '0',
   '2025-10-11 00:00:00',
   '2025-10-11 00:00:00'
);
INSERT INTO m_customer
(
   id,
   name,
   furigana,
   is_deleted,
   register_date_time,
   update_date_time
)
VALUES
(
   '1',
   '株式会社つむぎ　新大阪店',
   'かぶしきがいしゃつむぎ　しんおおさかてん',
   '0',
   '2025-10-11 00:00:00',
   '2025-10-11 00:00:00'
),

(
   '2',
   '有限会社スタイルアクセサリー',
   'ゆうげんがいしゃすたいるあくせさりー',
   '0',
   '2025-10-11 00:00:00',
   '2025-10-11 00:00:00'
),

(
   '3',
   '株式会社つむぎ　大津店',
   'かぶしきがいしゃつむぎ　おおつてん',
   '0',
   '2025-10-11 00:00:00',
   '2025-10-11 00:00:00'
),

(
   '4',
   '株式会社つむぎ　倉敷店',
   'かぶしきがいしゃつむぎ　くらしきてん',
   '0',
   '2025-10-11 00:00:00',
   '2025-10-11 00:00:00'
),

(
   '5',
   'カジュアルフローラ株式会社',
   'かじゅあるふろーらかぶしきがいしゃ',
   '0',
   '2025-10-11 00:00:00',
   '2025-10-11 00:00:00'
);
INSERT INTO m_product
(
   id,
   name,
   number,
   supplier_id,
   image,
   is_deleted,
   register_date_time,
   update_date_time
)
VALUES
(
   '1',
   'キャップ(黒)',
   'H25001',
   '1',
   NULL,
   '0',
   '2025-10-11 00:00:00',
   '2025-10-11 00:00:00'
),

(
   '2',
   'キャップ(白)',
   'H25002',
   '1',
   NULL,
   '0',
   '2025-10-11 00:00:00',
   '2025-10-11 00:00:00'
),

(
   '3',
   'キャップ(グレー)',
   'H25003',
   '1',
   NULL,
   '0',
   '2025-10-11 00:00:00',
   '2025-10-11 00:00:00'
),

(
   '4',
   'ストール(黒)',
   'ST5005BK',
   '2',
   NULL,
   '0',
   '2025-10-11 00:00:00',
   '2025-10-11 00:00:00'
),

(
   '5',
   'マフラー(白)',
   'MF3900WH',
   '2',
   NULL,
   '0',
   '2025-10-11 00:00:00',
   '2025-10-11 00:00:00'
),

(
   '6',
   'ベレー帽(赤)',
   'HT123456',
   '3',
   NULL,
   '0',
   '2025-10-11 00:00:00',
   '2025-10-11 00:00:00'
),

(
   '7',
   'ニット帽(ベージュ)',
   'HT009630',
   '3',
   NULL,
   '0',
   '2025-10-11 00:00:00',
   '2025-10-11 00:00:00'
),

(
   '8',
   'ニット帽(アイボリー)',
   'HT009631',
   '3',
   NULL,
   '0',
   '2025-10-11 00:00:00',
   '2025-10-11 00:00:00'
),

(
   '9',
   'キャスケット(黒)',
   'JYJ74589612BK',
   '4',
   NULL,
   '0',
   '2025-10-11 00:00:00',
   '2025-10-11 00:00:00'
),

(
   '10',
   'キャスケット(グレー)',
   'JYJ74589612GY',
   '4',
   NULL,
   '0',
   '2025-10-11 00:00:00',
   '2025-10-11 00:00:00'
);
INSERT INTO t_stock
(
   id,
   product_id,
   stock_quantity,
   register_date_time,
   update_date_time
)
VALUES
(
   '1',
   '1',
   '50',
   '2025-10-11 00:00:00',
   '2026-02-23 15:00:00'
),

(
   '2',
   '2',
   '0',
   '2025-10-11 00:00:00',
   '2025-10-11 00:00:00'
),

(
   '3',
   '3',
   '0',
   '2025-10-11 00:00:00',
   '2025-10-11 00:00:00'
),

(
   '4',
   '4',
   '0',
   '2025-10-11 00:00:00',
   '2025-10-11 00:00:00'
),

(
   '5',
   '5',
   '0',
   '2025-10-11 00:00:00',
   '2025-10-11 00:00:00'
),

(
   '6',
   '6',
   '0',
   '2025-10-11 00:00:00',
   '2025-10-11 00:00:00'
),

(
   '7',
   '7',
   '0',
   '2025-10-11 00:00:00',
   '2025-10-11 00:00:00'
),

(
   '8',
   '8',
   '0',
   '2025-10-11 00:00:00',
   '2025-10-11 00:00:00'
),

(
   '9',
   '9',
   '0',
   '2025-10-11 00:00:00',
   '2025-10-11 00:00:00'
),

(
   '10',
   '10',
   '0',
   '2025-10-11 00:00:00',
   '2025-10-11 00:00:00'
);
INSERT INTO t_transaction_history
(
   id,
   product_id,
   amount_of_change,
   supplier_id,
   customer_id,
   user_id,
   remarks,
   register_date_time
)
VALUES
(
   '1',
   '1',
   '100',
   '1',
   NULL,
   '1',
   NULL,
   '2026-02-14 10:30:00'
),

(
   '2',
   '1',
   '-50',
   NULL,
   '1',
   '2',
   NULL,
   '2026-02-16 14:00:00'
),

(
   '3',
   '1',
   '5',
   NULL,
   NULL,
   '1',
   '返品のため',
   '2026-02-20 13:30:00'
),

(
   '4',
   '1',
   '-5',
   NULL,
   NULL,
   '3',
   '棚卸による実在庫数との調整のため',
   '2026-02-23 15:00:00'
);